{
    "canvas_config": {
        "width": 1080,
        "height": 1920,
        "ratio": "original"
    },
    "color_space": 0,
    "config": {
        "adjust_max_index": 1,
        "attachment_info": [],
        "combination_max_index": 1,
        "export_range": null,
        "extract_audio_last_index": 1,
        "lyrics_recognition_id": "",
        "lyrics_sync": true,
        "lyrics_taskinfo": [],
        "maintrack_adsorb": true,
        "material_save_mode": 0,
        "multi_language_current": "none",
        "multi_language_list": [],
        "multi_language_main": "none",
        "multi_language_mode": "none",
        "original_sound_last_index": 1,
        "record_audio_last_index": 1,
        "sticker_max_index": 1,
        "subtitle_keywords_config": null,
        "subtitle_recognition_id": "",
        "subtitle_sync": true,
        "subtitle_taskinfo": [],
        "system_font_list": [],
        "video_mute": false,
        "zoom_info_params": null
    },
    "cover": null,
    "create_time": 0,
    "duration": 3000000,
    "extra_info": null,
    "fps": 30,
    "free_render_index_mode_on": false,
    "group_container": null,
    "id": "91E08AC5-22FB-47e2-9AA0-7DC300FAEA2B",
    "keyframe_graph_list": [],
    "keyframes": {
        "adjusts": [],
        "audios": [],
        "effects": [],
        "filters": [],
        "handwrites": [],
        "stickers": [],
        "texts": [],
        "videos": []
    },
    "last_modified_platform": {
        "app_id": 359289,
        "app_source": "cc",
        "app_version": "6.5.0",
        "device_id": "c4ca4238a0b923820dcc509a6f75849b",
        "hard_disk_id": "307563e0192a94465c0e927fbc482942",
        "mac_address": "c3371f2d4fb02791c067ce44d8fb4ed5",
        "os": "mac",
        "os_version": "15.5"
    },
    "materials": {
        "ai_translates": [],
        "audio_balances": [],
        "audio_effects": [],
        "audio_fades": [],
        "audio_track_indexes": [],
        "audios": [],
        "beats": [],
        "canvases": [],
        "chromas": [],
        "color_curves": [],
        "digital_humans": [],
        "drafts": [],
        "effects": [],
        "flowers": [],
        "green_screens": [],
        "handwrites": [],
        "hsl": [],
        "images": [],
        "log_color_wheels": [],
        "loudnesses": [],
        "manual_deformations": [],
        "material_animations": [],
        "material_colors": [],
        "multi_language_refs": [],
        "placeholders": [],
        "plugin_effects": [],
        "primary_color_wheels": [],
        "realtime_denoises": [],
        "shapes": [],
        "smart_crops": [],
        "smart_relights": [],
        "sound_channel_mappings": [],
        "speeds": [
            {
                "curve_speed": null,
                "id": "78978a1cd65244aa81824a450999c4b1",
                "mode": 0,
                "speed": null,
                "type": "speed"
            }
        ],
        "stickers": [],
        "tail_leaders": [],
        "text_templates": [],
        "texts": [],
        "time_marks": [],
        "transitions": [],
        "video_effects": [],
        "video_trackings": [],
        "videos": [
            {
                "audio_fade": null,
                "category_id": "",
                "category_name": "local",
                "check_flag": 63487,
                "crop": {
                    "upper_left_x": 0.0,
                    "upper_left_y": 0.0,
                    "upper_right_x": 1.0,
                    "upper_right_y": 0.0,
                    "lower_left_x": 0.0,
                    "lower_left_y": 1.0,
                    "lower_right_x": 1.0,
                    "lower_right_y": 1.0
                },
                "crop_ratio": "free",
                "crop_scale": 1.0,
                "duration": 10800000000,
                "height": 1080,
                "id": "fa15b1b64e843606a5b42137bea580ba",
                "local_material_id": "",
                "material_id": "fa15b1b64e843606a5b42137bea580ba",
                "material_name": "image_4f1459899b689ee01b210522c164072f.png",
                "media_path": "F:\\jianyin\\cgwz\\JianyingPro Drafts\\dfd_cat_1754961723_4ba0033d\\assets\\image\\image_4f1459899b689ee01b210522c164072f.png",
                "path": "F:\\jianyin\\cgwz\\JianyingPro Drafts\\dfd_cat_1754961723_4ba0033d\\assets\\image\\image_4f1459899b689ee01b210522c164072f.png",
                "remote_url": null,
                "type": "photo",
                "width": 1920
            }
        ],
        "vocal_beautifys": [],
        "vocal_separations": [],
        "masks": []
    },
    "mutable_config": null,
    "name": "",
    "new_version": "110.0.0",
    "relationships": [],
    "render_index_track_mode_on": false,
    "retouch_cover": null,
    "source": "default",
    "static_cover_image_path": "",
    "time_marks": null,
    "tracks": [
        {
            "attribute": 0,
            "flag": 0,
            "id": "87145827832247b98fede3f201adca19",
            "is_default_name": false,
            "name": "video",
            "segments": [],
            "type": "video"
        },
        {
            "attribute": 0,
            "flag": 0,
            "id": "4f9dcdb5190f4547920270e54a351f3c",
            "is_default_name": false,
            "name": "image_main",
            "segments": [
                {
                    "enable_adjust": true,
                    "enable_color_correct_adjust": false,
                    "enable_color_curves": true,
                    "enable_color_match_adjust": false,
                    "enable_color_wheels": true,
                    "enable_lut": true,
                    "enable_smart_color_adjust": false,
                    "last_nonzero_volume": 1.0,
                    "reverse": false,
                    "track_attribute": 0,
                    "track_render_index": 0,
                    "visible": true,
                    "id": "3ab9e0e2f4984ab3a540d03ac61020b7",
                    "material_id": "fa15b1b64e843606a5b42137bea580ba",
                    "target_timerange": {
                        "start": 0,
                        "duration": 3000000
                    },
                    "common_keyframes": [],
                    "keyframe_refs": [],
                    "source_timerange": {
                        "start": 0,
                        "duration": 3000000
                    },
                    "speed": null,
                    "volume": 1.0,
                    "extra_material_refs": [
                        "78978a1cd65244aa81824a450999c4b1"
                    ],
                    "clip": {
                        "alpha": 1.0,
                        "flip": {
                            "horizontal": false,
                            "vertical": false
                        },
                        "rotation": 0.0,
                        "scale": {
                            "x": 1,
                            "y": 1
                        },
                        "transform": {
                            "x": 0,
                            "y": 0
                        }
                    },
                    "uniform_scale": {
                        "on": true,
                        "value": 1.0
                    },
                    "hdr_settings": {
                        "intensity": 1.0,
                        "mode": 1,
                        "nits": 1000
                    },
                    "render_index": 0
                }
            ],
            "type": "video"
        }
    ],
    "update_time": 0,
    "version": 360000,
    "platform": {
        "app_id": 359289,
        "app_source": "cc",
        "app_version": "6.5.0",
        "device_id": "c4ca4238a0b923820dcc509a6f75849b",
        "hard_disk_id": "307563e0192a94465c0e927fbc482942",
        "mac_address": "c3371f2d4fb02791c067ce44d8fb4ed5",
        "os": "mac",
        "os_version": "15.5"
    }
}